id,first_name,second_name,team,Top_100,Top_1K,Top_10K,Top_50K,Top_100K,Top_250K,Top_500K
1,Folarin,Balogun,1,0.0,0.0,0.0,0.0,0.0,0.0,0.0
2,Cédric,Alves Soares,1,0.0,0.0,0.0,0.0,0.0,0.0,0.0
3,Mohamed,Elneny,1,0.0,0.0,0.0,0.0,0.0,0.0,0.0
4,Fábio,Ferreira Vieira,1,0.0,0.0,0.0,0.0,0.0,0.0,0.0
5,Gabriel,dos Santos Magalhães,1,0.0,0.0,0.0,0.0,0.04,0.03333333333333333,0.044000000000000004
6,Kai,Havertz,1,0.0,0.6,0.65,0.775,1.38,1.52,1.748
8,Gabriel,Fernando de Jesus,1,0.0,0.0,0.0,0.0,0.0,0.0,0.004
9,Jorge Luiz,Frello Filho,1,0.0,0.0,0.0,0.0,0.0,0.0,0.0
10,Jakub,Kiwior,1,0.0,0.0,0.0,0.0,0.0,0.0,0.0
11,Marcus,Oliveira Alencar,1,0.0,0.0,0.0,0.0,0.0,0.0,0.0
12,Gabriel,Martinelli Silva,1,0.0,0.0,0.0,0.0,0.0,0.0,0.0
13,Eddie,Nketiah,1,0.0,0.0,0.0,0.0,0.0,0.0,0.0
14,Martin,Ødegaard,1,0.0,0.0,0.1,0.05,0.2,0.22,0.27599999999999997
15,Thomas,Partey,1,0.0,0.0,0.0,0.0,0.0,0.0,0.0
16,Nicolas,Pépé,1,0.0,0.0,0.0,0.0,0.0,0.0,0.0
17,Aaron,Ramsdale,1,0.0,0.0,0.0,0.0,0.0,0.0,0.0
18,Rúnar Alex,Rúnarsson,1,0.0,0.0,0.0,0.0,0.0,0.0,0.0
19,Bukayo,Saka,1,0.0,0.0,0.0,0.0,0.0,0.0,0.0
20,William,Saliba,1,0.0,0.0,0.0,0.0,0.02,0.013333333333333334,0.02
22,Emile,Smith Rowe,1,0.0,0.0,0.0,0.0,0.0,0.0,0.0
24,Kieran,Tierney,1,0.0,0.0,0.0,0.0,0.0,0.0,0.0
25,Takehiro,Tomiyasu,1,0.0,0.0,0.0,0.0,0.0,0.0,0.0
26,Leandro,Trossard,1,0.0,0.0,0.0,0.1,0.08,0.12666666666666665,0.13999999999999999
29,Benjamin,White,1,0.0,0.0,0.0,0.025,0.1,0.1,0.08800000000000001
30,Granit,Xhaka,1,0.0,0.0,0.0,0.0,0.0,0.0,0.0
31,Oleksandr,Zinchenko,1,0.0,0.0,0.0,0.0,0.0,0.0,0.0
113,David,Raya Martin,1,0.0,0.0,0.0,0.0,0.0,0.0,0.0
540,Declan,Rice,1,0.0,0.0,0.0,0.0,0.0,0.006666666666666667,0.016
578,Reiss,Nelson,1,0.0,0.0,0.0,0.0,0.0,0.0,0.0
585,Jurriën,Timber,1,0.0,0.0,0.0,0.0,0.0,0.0,0.0
646,Karl,Hein,1,0.0,0.0,0.0,0.0,0.0,0.0,0.0
735,Charles,Sagoe,1,0.0,0.0,0.0,0.0,0.0,0.0,0.0
736,Reuell,Walters,1,0.0,0.0,0.0,0.0,0.0,0.0,0.0
737,Bradley,Ibrahim,1,0.0,0.0,0.0,0.0,0.0,0.0,0.0
764,Myles,Lewis-Skelly,1,0.0,0.0,0.0,0.0,0.0,0.0,0.0
772,Ethan,Nwaneri,1,0.0,0.0,0.0,0.0,0.0,0.0,0.0
815,Mauro,Bandeira,1,0.0,0.0,0.0,0.0,0.0,0.0,0.0
817,James,Sweet,1,0.0,0.0,0.0,0.0,0.0,0.0,0.0
32,Alexandre,Moreno Lopera,2,0.0,0.0,0.0,0.0,0.0,0.0,0.0
34,Leon,Bailey,2,0.0,0.0,0.0,0.0,0.0,0.0,0.0
35,Emiliano,Buendía Stati,2,0.0,0.0,0.0,0.0,0.0,0.0,0.0
36,Matty,Cash,2,0.0,0.0,0.0,0.0,0.0,0.0,0.0
37,Calum,Chambers,2,0.0,0.0,0.0,0.0,0.0,0.0,0.0
38,Philippe,Coutinho Correia,2,0.0,0.0,0.0,0.0,0.0,0.0,0.0
39,Keinan,Davis,2,0.0,0.0,0.0,0.0,0.0,0.0,0.0
40,Leander,Dendoncker,2,0.0,0.0,0.0,0.0,0.0,0.0,0.0
41,Diego Carlos,Santos Silva,2,0.0,0.0,0.0,0.0,0.0,0.0,0.0
42,Lucas,Digne,2,0.0,0.0,0.0,0.0,0.0,0.0,0.004
43,Douglas Luiz,Soares de Paulo,2,0.0,0.0,0.0,0.0,0.0,0.0,0.0
44,Jhon,Durán,2,0.0,0.0,0.0,0.0,0.0,0.0,0.0
45,Kortney,Hause,2,0.0,0.0,0.0,0.0,0.0,0.0,0.0
46,Tim,Iroegbunam,2,0.0,0.0,0.0,0.0,0.0,0.0,0.0
47,Boubacar,Kamara,2,0.0,0.0,0.0,0.0,0.0,0.0,0.0
48,Ezri,Konsa Ngoyo,2,0.0,0.0,0.0,0.0,0.0,0.0,0.0
49,Emiliano,Martínez Romero,2,0.0,0.0,0.0,0.0,0.0,0.0,0.0
50,John,McGinn,2,0.0,0.0,0.0,0.0,0.0,0.0,0.0
51,Tyrone,Mings,2,0.0,0.0,0.0,0.0,0.0,0.0,0.0
53,Robin,Olsen,2,0.0,0.0,0.0,0.0,0.0,0.0,0.0
54,Jaden,Philogene-Bidace,2,0.0,0.0,0.0,0.0,0.0,0.0,0.0
55,Jacob,Ramsey,2,0.0,0.0,0.0,0.0,0.0,0.0,0.0
56,Morgan,Sanson,2,0.0,0.0,0.0,0.0,0.0,0.0,0.0
57,Viljami,Sinisalo,2,0.0,0.0,0.0,0.0,0.0,0.0,0.0
58,Youri,Tielemans,2,0.0,0.0,0.0,0.0,0.0,0.0,0.0
59,Bertrand,Traoré,2,0.0,0.0,0.0,0.0,0.0,0.0,0.0
60,Ollie,Watkins,2,0.0,0.0,0.0,0.0,0.0,0.013333333333333334,0.092
61,Wesley,Moraes Ferreira da Silva,2,0.0,0.0,0.0,0.0,0.0,0.0,0.0
584,Pau,Torres,2,0.0,0.0,0.0,0.0,0.0,0.0,0.0
599,Moussa,Diaby,2,0.0,0.0,0.0,0.0,0.0,0.0,0.0
618,Omari,Kellyman,2,0.0,0.0,0.0,0.0,0.0,0.0,0.0
670,Filip,Marschall,2,0.0,0.0,0.0,0.0,0.0,0.0,0.0
672,Nicolò,Zaniolo,2,0.0,0.0,0.0,0.0,0.0,0.0,0.0
686,Oliwier,Zych,2,0.0,0.0,0.0,0.0,0.0,0.0,0.0
699,Clément,Lenglet,2,0.0,0.0,0.0,0.0,0.0,0.0,0.0
765,Sam,Proctor,2,0.0,0.0,0.0,0.0,0.0,0.0,0.0
767,Tommi,O'Reilly,2,0.0,0.0,0.0,0.0,0.0,0.0,0.0
778,James,Wright,2,0.0,0.0,0.0,0.0,0.0,0.0,0.0
793,Kaine,Kesler-Hayden,2,0.0,0.0,0.0,0.0,0.0,0.0,0.0
803,Morgan,Rogers,2,0.0,0.0,0.0,0.0,0.0,0.0,0.0
818,Joe,Gauci,2,0.0,0.0,0.0,0.0,0.0,0.0,0.0
854,Finley,Munroe,2,0.0,0.0,0.0,0.0,0.0,0.0,0.0
865,Kadan,Young,2,0.0,0.0,0.0,0.0,0.0,0.0,0.0
866,Lander,Emery,2,0.0,0.0,0.0,0.0,0.0,0.0,0.0
62,Jaidon,Anthony,3,0.0,0.0,0.0,0.0,0.0,0.0,0.0
63,Philip,Billing,3,0.0,0.0,0.0,0.0,0.0,0.0,0.0
64,David,Brooks,3,0.0,0.0,0.0,0.0,0.0,0.0,0.0
65,Ryan,Christie,3,0.0,0.0,0.0,0.0,0.0,0.0,0.0
66,Lewis,Cook,3,0.0,0.0,0.0,0.0,0.0,0.0,0.0
67,Siriki,Dembélé,3,0.0,0.0,0.0,0.0,0.0,0.0,0.0
68,Ryan,Fredericks,3,0.0,0.0,0.0,0.0,0.0,0.0,0.0
69,James,Hill,3,0.0,0.0,0.0,0.0,0.0,0.0,0.0
70,Lloyd,Kelly,3,0.0,0.0,0.0,0.0,0.0,0.0,0.0
71,Gavin,Kilkenny,3,0.0,0.0,0.0,0.0,0.0,0.0,0.0
72,Justin,Kluivert,3,0.0,0.0,0.0,0.0,0.0,0.0,0.0
73,Jamal,Lowe,3,0.0,0.0,0.0,0.0,0.0,0.0,0.0
74,Emiliano,Marcondes,3,0.0,0.0,0.0,0.0,0.0,0.0,0.0
75,Chris,Mepham,3,0.0,0.0,0.0,0.0,0.0,0.0,0.0
76,Kieffer,Moore,3,0.0,0.0,0.0,0.0,0.0,0.0,0.0
77,Norberto,Murara Neto,3,0.0,0.0,0.0,0.0,0.0,0.0,0.0
78,Dango,Ouattara,3,0.0,0.0,0.0,0.0,0.0,0.0,0.0
79,Ben,Pearson,3,0.0,0.0,0.0,0.0,0.0,0.0,0.0
80,Darren,Randolph,3,0.0,0.0,0.0,0.0,0.0,0.0,0.0
81,Joe,Rothwell,3,0.0,0.0,0.0,0.0,0.0,0.0,0.0
82,Antoine,Semenyo,3,0.0,0.0,0.0,0.0,0.0,0.0,0.0
83,Marcos,Senesi,3,0.0,0.0,0.0,0.0,0.0,0.0,0.0
84,Adam,Smith,3,0.0,0.0,0.0,0.0,0.0,0.0,0.0
85,Dominic,Solanke,3,0.0,0.0,0.0,0.0,0.0,0.0,0.016
86,Marcus,Tavernier,3,0.0,0.0,0.0,0.0,0.0,0.0,0.0
87,Hamed,Traorè,3,0.0,0.0,0.0,0.0,0.0,0.0,0.0
88,Mark,Travers,3,0.0,0.0,0.0,0.0,0.0,0.0,0.0
89,Illia,Zabarnyi,3,0.0,0.0,0.0,0.0,0.0,0.0,0.0
595,Milos,Kerkez,3,0.0,0.0,0.0,0.0,0.0,0.0,0.0
607,Ionuț,Radu,3,0.0,0.0,0.0,0.0,0.0,0.0,0.0
619,Ben,Greenwood,3,0.0,0.0,0.0,0.0,0.0,0.0,0.0
643,Max,Aarons,3,0.0,0.0,0.0,0.0,0.0,0.0,0.0
644,Alex,Scott,3,0.0,0.0,0.0,0.0,0.0,0.0,0.0
673,Tyler,Adams,3,0.0,0.0,0.0,0.0,0.0,0.0,0.0
705,Luis,Sinisterra,3,0.0,0.0,0.0,0.0,0.0,0.0,0.0
799,Romain,Faivre,3,0.0,0.0,0.0,0.0,0.0,0.0,0.0
802,Max,Kinsey,3,0.0,0.0,0.0,0.0,0.0,0.0,0.0
804,Enes,Ünal,3,0.0,0.0,0.0,0.0,0.0,0.0,0.0
811,Dominic,Sadi,3,0.0,0.0,0.0,0.0,0.0,0.0,0.0
849,Michael,Dacosta Gonzalez,3,0.0,0.0,0.0,0.0,0.0,0.0,0.0
855,Callan,McKenna,3,0.0,0.0,0.0,0.0,0.0,0.0,0.0
90,Kristoffer,Ajer,4,0.0,0.0,0.0,0.0,0.0,0.0,0.0
91,Ellery,Balcombe,4,0.0,0.0,0.0,0.0,0.0,0.0,0.0
92,Shandon,Baptiste,4,0.0,0.0,0.0,0.0,0.0,0.0,0.0
93,Mads,Bech Sørensen,4,0.0,0.0,0.0,0.0,0.0,0.0,0.0
94,Mads,Bidstrup,4,0.0,0.0,0.0,0.0,0.0,0.0,0.0
95,Sergi,Canós Tenés,4,0.0,0.0,0.0,0.0,0.0,0.0,0.0
96,Nathan,Collins,4,0.0,0.0,0.0,0.0,0.0,0.0,0.0
97,Matthew,Cox,4,0.0,0.0,0.0,0.0,0.0,0.0,0.0
98,Mikkel,Damsgaard,4,0.0,0.0,0.0,0.0,0.0,0.0,0.0
99,Josh,Dasilva,4,0.0,0.0,0.0,0.0,0.0,0.0,0.0
100,Halil,Dervişoğlu,4,0.0,0.0,0.0,0.0,0.0,0.0,0.0
101,Mark,Flekken,4,0.0,0.0,0.0,0.0,0.0,0.0,0.0
102,Charlie,Goode,4,0.0,0.0,0.0,0.0,0.0,0.0,0.0
103,Rico,Henry,4,0.0,0.0,0.0,0.0,0.0,0.0,0.0
104,Aaron,Hickey,4,0.0,0.0,0.0,0.0,0.0,0.0,0.0
105,Vitaly,Janelt,4,0.0,0.0,0.0,0.0,0.0,0.0,0.0
106,Mathias,Jensen,4,0.0,0.0,0.0,0.0,0.0,0.0,0.0
107,Keane,Lewis-Potter,4,0.0,0.0,0.0,0.0,0.0,0.0,0.0
108,Bryan,Mbeumo,4,0.0,0.0,0.0,0.0,0.0,0.0,0.004
109,Ben,Mee,4,0.0,0.0,0.0,0.0,0.0,0.0,0.0
110,Christian,Nørgaard,4,0.0,0.0,0.0,0.0,0.0,0.0,0.0
111,Frank,Onyeka,4,0.0,0.0,0.0,0.0,0.0,0.0,0.0
112,Ethan,Pinnock,4,0.0,0.0,0.0,0.0,0.0,0.0,0.0
114,Mads,Roerslev Rasmussen,4,0.0,0.0,0.0,0.0,0.0,0.0,0.0
115,Kevin,Schade,4,0.0,0.0,0.0,0.0,0.0,0.0,0.0
116,Thomas,Strakosha,4,0.0,0.0,0.0,0.0,0.0,0.0,0.0
117,Ivan,Toney,4,0.0,0.0,0.0,0.0,0.0,0.006666666666666667,0.004
118,Ryan,Trevitt,4,0.0,0.0,0.0,0.0,0.0,0.0,0.0
119,Yoane,Wissa,4,0.0,0.0,0.0,0.0,0.0,0.0,0.0
120,Yegor,Yarmoliuk,4,0.0,0.0,0.0,0.0,0.0,0.0,0.0
121,Mathias,Jorgensen,4,0.0,0.0,0.0,0.0,0.0,0.0,0.0
258,Neal,Maupay,4,0.0,0.0,0.0,0.0,0.0,0.0,0.0
508,Sergio,Reguilón,4,0.0,0.0,0.0,0.0,0.0,0.0,0.0
620,Michael,Olakigbe,4,0.0,0.0,0.0,0.0,0.0,0.0,0.0
684,Ethan,Brierley,4,0.0,0.0,0.0,0.0,0.0,0.0,0.0
701,Saman,Ghoddos,4,0.0,0.0,0.0,0.0,0.0,0.0,0.0
725,Ji-Soo,Kim,4,0.0,0.0,0.0,0.0,0.0,0.0,0.0
733,Valintino,Adedokun,4,0.0,0.0,0.0,0.0,0.0,0.0,0.0
744,Myles,Peart-Harris,4,0.0,0.0,0.0,0.0,0.0,0.0,0.0
752,Vincent,Angelini,4,0.0,0.0,0.0,0.0,0.0,0.0,0.0
789,Hákon,Valdimarsson,4,0.0,0.0,0.0,0.0,0.0,0.0,0.0
797,Benjamin,Fredrick,4,0.0,0.0,0.0,0.0,0.0,0.0,0.0
834,Benjamin,Arthur,4,0.0,0.0,0.0,0.0,0.0,0.0,0.0
864,Yunus,Konak,4,0.0,0.0,0.0,0.0,0.0,0.0,0.0
122,Simon,Adingra,5,0.0,0.0,0.0,0.0,0.0,0.0,0.0
123,Steven,Alzate,5,0.0,0.0,0.0,0.0,0.0,0.0,0.0
124,Yasin,Ayari,5,0.0,0.0,0.0,0.0,0.0,0.0,0.0
125,Facundo,Buonanotte,5,0.0,0.0,0.0,0.0,0.0,0.0,0.0
127,Aaron,Connolly,5,0.0,0.0,0.0,0.0,0.0,0.0,0.0
128,Mahmoud,Dahoud,5,0.0,0.0,0.0,0.0,0.0,0.0,0.0
129,Lewis,Dunk,5,0.0,0.0,0.0,0.0,0.0,0.0,0.0
130,Julio,Enciso,5,0.0,0.0,0.0,0.0,0.0,0.0,0.0
131,Pervis,Estupiñán,5,0.0,0.0,0.0,0.0,0.0,0.0,0.0
132,Evan,Ferguson,5,0.0,0.0,0.0,0.0,0.0,0.0,0.0
133,Billy,Gilmour,5,0.0,0.0,0.0,0.0,0.0,0.0,0.0
134,Pascal,Groß,5,0.0,0.0,0.0,0.0,0.0,0.0,0.012
135,João Pedro,Junqueira de Jesus,5,0.0,0.0,0.0,0.0,0.02,0.006666666666666667,0.008
136,Michał,Karbownik,5,0.0,0.0,0.0,0.0,0.0,0.0,0.0
137,Kacper,Kozłowski,5,0.0,0.0,0.0,0.0,0.0,0.0,0.0
138,Adam,Lallana,5,0.0,0.0,0.0,0.0,0.0,0.0,0.0
139,Tariq,Lamptey,5,0.0,0.0,0.0,0.0,0.0,0.0,0.0
140,Solly,March,5,0.0,0.0,0.0,0.0,0.0,0.0,0.0
141,Tom,McGill,5,0.0,0.0,0.0,0.0,0.0,0.0,0.0
142,James,Milner,5,0.0,0.0,0.0,0.0,0.0,0.0,0.0
143,Kaoru,Mitoma,5,0.0,0.0,0.0,0.0,0.0,0.0,0.0
144,Jakub,Moder,5,0.0,0.0,0.0,0.0,0.0,0.0,0.0
146,Jeremy,Sarmiento Morante,5,0.0,0.0,0.0,0.0,0.0,0.0,0.0
147,Kjell,Scherpen,5,0.0,0.0,0.0,0.0,0.0,0.0,0.0
148,Jason,Steele,5,0.0,0.0,0.0,0.0,0.0,0.0,0.0
149,Deniz,Undav,5,0.0,0.0,0.0,0.0,0.0,0.0,0.0
150,Jan Paul,van Hecke,5,0.0,0.0,0.0,0.0,0.0,0.0,0.0
151,Joël,Veltman,5,0.0,0.0,0.0,0.0,0.0,0.0,0.0
152,Bart,Verbruggen,5,0.0,0.0,0.0,0.0,0.0,0.0,0.0
153,Adam,Webster,5,0.0,0.0,0.0,0.0,0.0,0.0,0.0
154,Danny,Welbeck,5,0.0,0.0,0.0,0.0,0.0,0.0,0.004
155,Andi,Zeqiri,5,0.0,0.0,0.0,0.0,0.0,0.0,0.0
606,Igor Julio,dos Santos de Paulo,5,0.0,0.0,0.0,0.0,0.0,0.0,0.0
621,Jack,Hinshelwood,5,0.0,0.0,0.0,0.0,0.0,0.0,0.0
690,Carlos,Baleba,5,0.0,0.0,0.0,0.0,0.0,0.0,0.0
700,Anssumane,Fati Vieira,5,0.0,0.0,0.0,0.0,0.0,0.0,0.0
741,Mark,O’Mahony,5,0.0,0.0,0.0,0.0,0.0,0.0,0.0
742,Benicio,Baker-Boaitey,5,0.0,0.0,0.0,0.0,0.0,0.0,0.0
746,Ben,Jackson,5,0.0,0.0,0.0,0.0,0.0,0.0,0.0
747,Joshua,Duffus,5,0.0,0.0,0.0,0.0,0.0,0.0,0.0
753,Leigh,Kavanagh,5,0.0,0.0,0.0,0.0,0.0,0.0,0.0
755,Luca,Barrington,5,0.0,0.0,0.0,0.0,0.0,0.0,0.0
786,Cameron,Peupion,5,0.0,0.0,0.0,0.0,0.0,0.0,0.0
816,Valentín,Barco,5,0.0,0.0,0.0,0.0,0.0,0.0,0.0
843,Samy,Chouchane,5,0.0,0.0,0.0,0.0,0.0,0.0,0.0
845,Odeluga,Offiah,5,0.0,0.0,0.0,0.0,0.0,0.0,0.0
861,Noël,Atom,5,0.0,0.0,0.0,0.0,0.0,0.0,0.0
156,Enock,Agyei,6,0.0,0.0,0.0,0.0,0.0,0.0,0.0
157,Ameen,Al-Dakhil,6,0.0,0.0,0.0,0.0,0.0,0.0,0.0
158,Samuel,Bastien,6,0.0,0.0,0.0,0.0,0.0,0.0,0.0
159,Manuel Benson,Hedilazio,6,0.0,0.0,0.0,0.0,0.0,0.0,0.0
160,Jordan,Beyer,6,0.0,0.0,0.0,0.0,0.0,0.0,0.0
161,Josh,Brownhill,6,0.0,0.0,0.0,0.0,0.0,0.0,0.0
162,Darko,Churlinov,6,0.0,0.0,0.0,0.0,0.0,0.0,0.0
163,Jack,Cork,6,0.0,0.0,0.0,0.0,0.0,0.0,0.0
164,Dara,Costelloe,6,0.0,0.0,0.0,0.0,0.0,0.0,0.0
165,Josh,Cullen,6,0.0,0.0,0.0,0.0,0.0,0.0,0.0
166,CJ,Egan-Riley,6,0.0,0.0,0.0,0.0,0.0,0.0,0.0
167,Hjalmar,Ekdal,6,0.0,0.0,0.0,0.0,0.0,0.0,0.0
168,Lyle,Foster,6,0.0,0.0,0.0,0.0,0.0,0.0,0.0
169,Denis,Franchi,6,0.0,0.0,0.0,0.0,0.0,0.0,0.0
170,Jóhann Berg,Gudmundsson,6,0.0,0.0,0.0,0.0,0.0,0.0,0.0
171,Luke,McNally,6,0.0,0.0,0.0,0.0,0.0,0.0,0.0
172,Arijanet,Muric,6,0.0,0.0,0.0,0.0,0.0,0.0,0.0
173,Dara,O'Shea,6,0.0,0.0,0.0,0.0,0.0,0.0,0.0
174,Michael,Obafemi,6,0.0,0.0,0.0,0.0,0.0,0.0,0.0
175,Bailey,Peacock-Farrell,6,0.0,0.0,0.0,0.0,0.0,0.0,0.0
176,Connor,Roberts,6,0.0,0.0,0.0,0.0,0.0,0.0,0.0
177,Jay,Rodriguez,6,0.0,0.0,0.0,0.0,0.0,0.0,0.0
178,Charlie,Taylor,6,0.0,0.0,0.0,0.0,0.0,0.0,0.0
179,Bobby,Thomas,6,0.0,0.0,0.0,0.0,0.0,0.0,0.0
180,Scott,Twine,6,0.0,0.0,0.0,0.0,0.0,0.0,0.0
181,Lawrence,Vigouroux,6,0.0,0.0,0.0,0.0,0.0,0.0,0.0
182,Victor,da Silva,6,0.0,0.0,0.0,0.0,0.0,0.0,0.0
183,Wout,Weghorst,6,0.0,0.0,0.0,0.0,0.0,0.0,0.0
184,Anass,Zaroury,6,0.0,0.0,0.0,0.0,0.0,0.0,0.0
200,David Datro,Fofana,6,0.0,0.0,0.0,0.0,0.0,0.0,0.0
475,Sander,Berge,6,0.0,0.0,0.0,0.0,0.0,0.0,0.0
594,Zeki,Amdouni,6,0.0,0.0,0.0,0.0,0.0,0.0,0.0
596,James,Trafford,6,0.0,0.0,0.0,0.0,0.0,0.0,0.0
600,Nathan,Redmond,6,0.0,0.0,0.0,0.0,0.0,0.0,0.0
605,Luca,Koleosho,6,0.0,0.0,0.0,0.0,0.0,0.0,0.0
608,Jacob,Bruun Larsen,6,0.0,0.0,0.0,0.0,0.0,0.0,0.0
622,Owen,Dodgson,6,0.0,0.0,0.0,0.0,0.0,0.0,0.0
660,Wilson,Odobert,6,0.0,0.0,0.0,0.0,0.0,0.0,0.0
674,Hannes,Delcroix,6,0.0,0.0,0.0,0.0,0.0,0.0,0.0
675,Aaron,Ramsey,6,0.0,0.0,0.0,0.0,0.0,0.0,0.0
694,Han-Noah,Massengo,6,0.0,0.0,0.0,0.0,0.0,0.0,0.0
706,Mike,Trésor,6,0.0,0.0,0.0,0.0,0.0,0.0,0.0
805,Lorenz,Assignon,6,0.0,0.0,0.0,0.0,0.0,0.0,0.0
806,Maxime,Esteve,6,0.0,0.0,0.0,0.0,0.0,0.0,0.0
126,Moisés,Caicedo Corozo,7,0.0,0.0,0.0,0.0,0.0,0.0,0.0
145,Robert,Sánchez,7,0.0,0.0,0.0,0.0,0.0,0.0,0.0
185,Ethan,Ampadu,7,0.0,0.0,0.0,0.0,0.0,0.0,0.0
186,Andrey,Nascimento dos Santos,7,0.0,0.0,0.0,0.0,0.0,0.0,0.0
187,Kepa,Arrizabalaga,7,0.0,0.0,0.0,0.0,0.0,0.0,0.0
188,Pierre-Emerick,Aubameyang,7,0.0,0.0,0.0,0.0,0.0,0.0,0.0
189,César,Azpilicueta,7,0.0,0.0,0.0,0.0,0.0,0.0,0.0
190,Abdul Rahman,Baba,7,0.0,0.0,0.0,0.0,0.0,0.0,0.0
191,Benoît,Badiashile,7,0.0,0.0,0.0,0.0,0.0,0.0,0.0
192,Marcus,Bettinelli,7,0.0,0.0,0.0,0.0,0.0,0.0,0.0
194,Trevoh,Chalobah,7,0.0,0.0,0.0,0.0,0.0,0.0,0.0
195,Ben,Chilwell,7,0.0,0.0,0.0,0.0,0.0,0.0,0.0
196,Carney,Chukwuemeka,7,0.0,0.0,0.0,0.0,0.0,0.0,0.0
197,Levi,Colwill,7,0.0,0.0,0.0,0.0,0.0,0.0,0.0
198,Marc,Cucurella Saseta,7,0.0,0.0,0.0,0.0,0.0,0.006666666666666667,0.0
199,Enzo,Fernández,7,0.0,0.0,0.0,0.0,0.0,0.0,0.0
201,Wesley,Fofana,7,0.0,0.0,0.0,0.0,0.0,0.0,0.0
202,Conor,Gallagher,7,0.0,0.0,0.0,0.0,0.0,0.0,0.0
203,Malo,Gusto,7,0.0,0.0,0.0,0.0,0.0,0.013333333333333334,0.0
206,Reece,James,7,0.0,0.0,0.0,0.0,0.0,0.0,0.0
207,Romelu,Lukaku Bolingoli,7,0.0,0.0,0.0,0.0,0.0,0.0,0.0
208,Noni,Madueke,7,0.0,0.0,0.0,0.0,0.0,0.0,0.012
210,Mykhailo,Mudryk,7,0.0,0.0,0.0,0.0,0.0,0.0,0.0
211,Nicolas,Jackson,7,0.0,0.0,0.0,0.1,0.06,0.16,0.316
212,Christopher,Nkunku,7,0.0,0.0,0.0,0.0,0.02,0.013333333333333334,0.016
213,Christian,Pulisic,7,0.0,0.0,0.0,0.0,0.0,0.0,0.0
214,Malang,Sarr,7,0.0,0.0,0.0,0.0,0.0,0.0,0.0
215,Gabriel,Słonina,7,0.0,0.0,0.0,0.0,0.0,0.0,0.0
216,Raheem,Sterling,7,0.0,0.0,0.0,0.0,0.0,0.0,0.004
217,Thiago,Emiliano da Silva,7,0.0,0.0,0.0,0.0,0.0,0.0,0.0
218,Hakim,Ziyech,7,0.0,0.0,0.0,0.0,0.0,0.0,0.0
362,Cole,Palmer,7,1.3333333333333335,2.8000000000000003,3.1,5.325,7.9,11.133333333333335,15.392
589,Ângelo Gabriel,Borges Damaceno,7,0.0,0.0,0.0,0.0,0.0,0.0,0.0
609,Ian,Maatsen,7,0.0,0.0,0.0,0.0,0.0,0.0,0.0
611,Axel,Disasi,7,0.0,0.0,0.0,0.0,0.0,0.0,0.0
613,Lesley,Ugochukwu,7,0.0,0.0,0.0,0.0,0.0,0.0,0.0
623,Mason,Burstow,7,0.0,0.0,0.0,0.0,0.0,0.0,0.0
659,Lucas,Bergström,7,0.0,0.0,0.0,0.0,0.0,0.0,0.0
667,Roméo,Lavia,7,0.0,0.0,0.0,0.0,0.0,0.0,0.0
671,Bashir,Humphreys,7,0.0,0.0,0.0,0.0,0.0,0.0,0.0
677,Deivid Washington,de Souza Eugênio,7,0.0,0.0,0.0,0.0,0.0,0.0,0.0
680,Eddie,Beach,7,0.0,0.0,0.0,0.0,0.0,0.0,0.0
681,Diego Manuel Jadon,da Silva Moreira,7,0.0,0.0,0.0,0.0,0.0,0.0,0.0
687,Đorđe,Petrović,7,0.0,0.0,0.0,0.025,0.0,0.0,0.004
716,Alfie,Gilchrist,7,0.0,0.0,0.0,0.0,0.0,0.0,0.0
717,Ronnie,Stutter,7,0.0,0.0,0.0,0.0,0.0,0.0,0.0
718,Alex,Matos,7,0.0,0.0,0.0,0.0,0.0,0.0,0.0
723,Josh,Brooking,7,0.0,0.0,0.0,0.0,0.0,0.0,0.0
758,Leo,Castledine,7,0.0,0.0,0.0,0.0,0.0,0.0,0.0
791,Cesare,Casadei,7,0.0,0.0,0.0,0.0,0.0,0.0,0.0
819,Ishé,Samuels-Smith,7,0.0,0.0,0.0,0.0,0.0,0.0,0.0
820,Ollie,Harrison,7,0.0,0.0,0.0,0.0,0.0,0.0,0.0
830,Jimi,Tauriainen,7,0.0,0.0,0.0,0.0,0.0,0.0,0.0
838,Josh,Acheampong,7,0.0,0.0,0.0,0.0,0.0,0.0,0.0
847,Teddy,Sharman-Lowe,7,0.0,0.0,0.0,0.0,0.0,0.0,0.0
851,Tyrique,George,7,0.0,0.0,0.0,0.0,0.0,0.0,0.0
852,Kiano,Dyer,7,0.0,0.0,0.0,0.0,0.0,0.0,0.0
858,Ted,Curd,7,0.0,0.0,0.0,0.0,0.0,0.0,0.0
859,Zak,Sturge,7,0.0,0.0,0.0,0.0,0.0,0.0,0.0
7,Rob,Holding,8,0.0,0.0,0.0,0.0,0.0,0.0,0.0
219,Naouirou,Ahamada,8,0.0,0.0,0.0,0.0,0.0,0.0,0.0
220,Joachim,Andersen,8,0.0,0.0,0.0,0.0,0.0,0.0,0.0
221,Jordan,Ayew,8,0.0,0.0,0.0,0.0,0.0,0.0,0.0
222,Nathaniel,Clyne,8,0.0,0.0,0.0,0.0,0.0,0.0,0.0
223,Cheick,Doucouré,8,0.0,0.0,0.0,0.0,0.0,0.0,0.0
224,Malcolm,Ebiowei,8,0.0,0.0,0.0,0.0,0.0,0.0,0.0
225,Odsonne,Edouard,8,0.0,0.0,0.0,0.0,0.0,0.0,0.0
226,Eberechi,Eze,8,2.666666666666667,0.4,0.0,0.15,0.1,0.17333333333333334,0.104
227,Vicente,Guaita,8,0.0,0.0,0.0,0.0,0.0,0.0,0.0
228,Marc,Guéhi,8,0.0,0.0,0.0,0.0,0.0,0.0,0.0
229,Will,Hughes,8,0.0,0.0,0.0,0.0,0.0,0.0,0.0
230,Sam,Johnstone,8,0.0,0.0,0.0,0.0,0.0,0.0,0.0
231,Jefferson,Lerma Solís,8,0.0,0.0,0.0,0.0,0.0,0.0,0.0
232,Jean-Philippe,Mateta,8,0.0,0.0,0.05,0.125,0.33999999999999997,0.18,0.292
233,Remi,Matthews,8,0.0,0.0,0.0,0.0,0.0,0.0,0.0
234,Tyrick,Mitchell,8,0.0,0.0,0.0,0.0,0.0,0.0,0.0
235,Jake,O'Brien,8,0.0,0.0,0.0,0.0,0.0,0.0,0.0
236,Michael,Olise,8,0.0,0.0,0.4,0.42500000000000004,0.5599999999999999,0.64,0.636
237,Luke,Plange,8,0.0,0.0,0.0,0.0,0.0,0.0,0.0
238,Chris,Richards,8,0.0,0.0,0.0,0.0,0.0,0.0,0.0
239,Jairo,Riedewald,8,0.0,0.0,0.0,0.0,0.0,0.0,0.0
240,Jeffrey,Schlupp,8,0.0,0.0,0.0,0.0,0.0,0.0,0.0
241,James,Tomkins,8,0.0,0.0,0.0,0.0,0.0,0.0,0.0
242,Joel,Ward,8,0.0,0.0,0.0,0.0,0.0,0.0,0.0
243,Joe,Whitworth,8,0.0,0.0,0.0,0.0,0.0,0.0,0.0
385,Dean,Henderson,8,0.0,0.0,0.0,0.0,0.0,0.0,0.0
615,Matheus,França de Oliveira,8,0.0,0.0,0.0,0.0,0.0,0.0,0.0
657,Jesurun,Rak-Sakyi,8,0.0,0.0,0.0,0.0,0.0,0.0,0.0
658,John-Kymani,Gordon,8,0.0,0.0,0.0,0.0,0.0,0.0,0.0
720,Ademola,Ola-Adebomi,8,0.0,0.0,0.0,0.0,0.0,0.0,0.0
721,David,Ozoh,8,0.0,0.0,0.0,0.0,0.0,0.0,0.0
724,Jadan,Raymond,8,0.0,0.0,0.0,0.0,0.0,0.0,0.0
763,Tayo,Adaramola,8,0.0,0.0,0.0,0.0,0.0,0.0,0.0
792,Daniel,Muñoz,8,0.0,0.0,0.0,0.0,0.0,0.0,0.0
807,Adam,Wharton,8,0.0,0.0,0.0,0.0,0.0,0.0,0.0
821,Franco,Umeh-Chibueze,8,0.0,0.0,0.0,0.0,0.0,0.0,0.0
825,Kaden,Rodney,8,0.0,0.0,0.0,0.0,0.0,0.0,0.0
842,Roshaun,Mathurin,8,0.0,0.0,0.0,0.0,0.0,0.0,0.0
244,André,Tavares Gomes,9,0.0,0.0,0.0,0.0,0.0,0.0,0.0
245,Jarrad,Branthwaite,9,0.0,0.0,0.0,0.0,0.0,0.0,0.0
246,Dominic,Calvert-Lewin,9,0.0,0.0,0.0,0.0,0.0,0.0,0.004
247,Seamus,Coleman,9,0.0,0.0,0.0,0.0,0.0,0.0,0.0
248,Dele,Alli,9,0.0,0.0,0.0,0.0,0.0,0.0,0.0
249,Abdoulaye,Doucouré,9,0.0,0.0,0.0,0.0,0.0,0.0,0.0
250,James,Garner,9,0.0,0.0,0.0,0.0,0.0,0.0,0.0
251,Jean-Philippe,Gbamin,9,0.0,0.0,0.0,0.0,0.0,0.0,0.0
252,Ben,Godfrey,9,0.0,0.0,0.0,0.0,0.0,0.0,0.0
253,Demarai,Gray,9,0.0,0.0,0.0,0.0,0.0,0.0,0.0
254,Idrissa,Gueye,9,0.0,0.0,0.0,0.0,0.0,0.0,0.0
257,Michael,Keane,9,0.0,0.0,0.0,0.0,0.0,0.0,0.0
259,Dwight,McNeil,9,0.0,0.0,0.0,0.0,0.0,0.0,0.0
260,Vitalii,Mykolenko,9,0.0,0.0,0.0,0.0,0.0,0.0,0.0
261,Amadou,Onana,9,0.0,0.0,0.0,0.0,0.0,0.0,0.0
262,Nathan,Patterson,9,0.0,0.0,0.0,0.0,0.0,0.0,0.0
263,Jordan,Pickford,9,0.0,0.0,0.0,0.0,0.0,0.0,0.004
264,Ellis,Simms,9,0.0,0.0,0.0,0.0,0.0,0.0,0.0
265,James,Tarkowski,9,0.0,0.0,0.0,0.0,0.0,0.0,0.0
266,João,Neves Virgínia,9,0.0,0.0,0.0,0.0,0.0,0.0,0.0
579,Andy,Lonergan,9,0.0,0.0,0.0,0.0,0.0,0.0,0.0
588,Ashley,Young,9,0.0,0.0,0.0,0.0,0.0,0.0,0.0
601,Arnaut,Danjuma Groeneveld,9,0.0,0.0,0.0,0.0,0.0,0.0,0.0
624,Lewis,Dobbin,9,0.0,0.0,0.0,0.0,0.0,0.0,0.0
645,Youssef,Ramalho Chermiti,9,0.0,0.0,0.0,0.0,0.0,0.0,0.0
649,Thomas,Cannon,9,0.0,0.0,0.0,0.0,0.0,0.0,0.0
650,Tyler,Onyango,9,0.0,0.0,0.0,0.0,0.0,0.0,0.0
661,Jack,Harrison,9,0.0,0.0,0.0,0.0,0.0,0.0,0.0
691,Norberto Bercique,Gomes Betuncal,9,0.0,0.0,0.0,0.0,0.0,0.0,0.0
719,Mackenzie,Hunt,9,0.0,0.0,0.0,0.0,0.0,0.0,0.0
760,Jenson,Metcalfe,9,0.0,0.0,0.0,0.0,0.0,0.0,0.0
761,Elijah,Campbell,9,0.0,0.0,0.0,0.0,0.0,0.0,0.0
841,Lewis,Warrington,9,0.0,0.0,0.0,0.0,0.0,0.0,0.0
863,Billy,Crellin,9,0.0,0.0,0.0,0.0,0.0,0.0,0.0
193,Armando,Broja,10,0.0,0.0,0.0,0.0,0.0,0.0,0.0
256,Alex,Iwobi,10,0.0,0.0,0.0,0.0,0.0,0.0,0.0
267,Andreas,Hoelgebaum Pereira,10,0.0,0.0,0.0,0.0,0.0,0.0,0.0
268,Tom,Cairney,10,0.0,0.0,0.0,0.0,0.0,0.0,0.0
269,Ivan,Neves Abreu Cavaleiro,10,0.0,0.0,0.0,0.0,0.0,0.0,0.0
270,Bobby,De Cordova-Reid,10,0.0,0.0,0.0,0.0,0.0,0.0,0.0
271,Issa,Diop,10,0.0,0.0,0.0,0.0,0.0,0.0,0.0
272,Tyrese,Francois,10,0.0,0.0,0.0,0.0,0.0,0.0,0.0
273,Anthony,Knockaert,10,0.0,0.0,0.0,0.0,0.0,0.0,0.0
274,Terence,Kongolo,10,0.0,0.0,0.0,0.0,0.0,0.0,0.0
275,Bernd,Leno,10,0.0,0.0,0.0,0.0,0.0,0.0,0.0
276,Saša,Lukić,10,0.0,0.0,0.0,0.0,0.0,0.0,0.0
277,Kevin,Mbabu,10,0.0,0.0,0.0,0.0,0.0,0.0,0.0
278,Aleksandar,Mitrović,10,0.0,0.0,0.0,0.0,0.0,0.0,0.0
279,Rodrigo,Muniz Carvalho,10,0.0,0.0,0.0,0.0,0.02,0.0,0.012
280,João,Palhinha Gonçalves,10,0.0,0.0,0.0,0.0,0.0,0.0,0.0
281,Tim,Ream,10,0.0,0.0,0.0,0.0,0.0,0.0,0.0
282,Harrison,Reed,10,0.0,0.0,0.0,0.0,0.0,0.0,0.0
283,Antonee,Robinson,10,0.0,0.0,0.0,0.0,0.0,0.0,0.0
284,Marek,Rodák,10,0.0,0.0,0.0,0.0,0.0,0.0,0.0
285,Kenny,Tete,10,0.0,0.0,0.0,0.0,0.0,0.0,0.0
286,Tosin,Adarabioyo,10,0.0,0.0,0.0,0.0,0.0,0.0,0.0
287,Carlos Vinícius,Alves Morais,10,0.0,0.0,0.0,0.0,0.0,0.0,0.0
288,Harry,Wilson,10,0.0,0.0,0.0,0.0,0.0,0.0,0.0
558,Raúl,Jiménez,10,0.0,0.0,0.0,0.0,0.0,0.0,0.0
591,Willian,Borges da Silva,10,0.0,0.0,0.0,0.0,0.0,0.0,0.0
610,Calvin,Bassey,10,0.0,0.0,0.0,0.0,0.0,0.0,0.0
625,Luc,De Fougerolles,10,0.0,0.0,0.0,0.0,0.0,0.0,0.0
651,Jay,Stansfield,10,0.0,0.0,0.0,0.0,0.0,0.0,0.0
652,Matthew,Dibley-Dias,10,0.0,0.0,0.0,0.0,0.0,0.0,0.0
662,Adama,Traoré,10,0.0,0.0,0.0,0.0,0.0,0.0,0.0
683,Luke,Harris,10,0.0,0.0,0.0,0.0,0.0,0.0,0.0
688,Timothy,Castagne,10,0.0,0.0,0.0,0.0,0.0,0.0,0.0
692,Steven,Benda,10,0.0,0.0,0.0,0.0,0.0,0.0,0.0
707,Fodé,Ballo-Touré,10,0.0,0.0,0.0,0.0,0.0,0.0,0.0
732,Devan,Tanton,10,0.0,0.0,0.0,0.0,0.0,0.0,0.0
796,Kristian,Sekularac,10,0.0,0.0,0.0,0.0,0.0,0.0,0.0
810,Joshua,King,10,0.0,0.0,0.0,0.0,0.0,0.0,0.0
289,Adrián,San Miguel del Castillo,11,0.0,0.0,0.0,0.0,0.0,0.0,0.0
290,Trent,Alexander-Arnold,11,0.0,0.4,0.0,0.125,0.16,0.16,0.18
291,Alisson,Ramses Becker,11,0.0,0.0,0.0,0.0,0.0,0.0,0.0
292,Stefan,Bajcetic,11,0.0,0.0,0.0,0.0,0.0,0.0,0.0
293,Darwin,Núñez Ribeiro,11,0.0,0.0,0.0,0.0,0.0,0.006666666666666667,0.036000000000000004
294,Diogo,Teixeira da Silva,11,0.0,0.0,0.0,0.0,0.0,0.0,0.0
295,Harvey,Elliott,11,0.0,0.0,0.0,0.0,0.0,0.006666666666666667,0.016
296,Fabio Henrique,Tavares,11,0.0,0.0,0.0,0.0,0.0,0.0,0.0
297,Cody,Gakpo,11,0.0,0.0,0.1,0.1,0.02,0.08,0.132
298,Joe,Gomez,11,0.0,0.0,0.0,0.0,0.0,0.0,0.0
299,Jordan,Henderson,11,0.0,0.0,0.0,0.0,0.0,0.0,0.0
300,Curtis,Jones,11,0.0,0.0,0.0,0.0,0.0,0.0,0.0
301,Caoimhin,Kelleher,11,0.0,0.0,0.0,0.0,0.0,0.0,0.0
302,Ibrahima,Konaté,11,0.0,0.0,0.0,0.0,0.0,0.0,0.0
303,Luis,Díaz,11,0.0,0.0,0.05,0.0,0.04,0.04,0.036000000000000004
304,Alexis,Mac Allister,11,0.0,0.0,0.0,0.0,0.0,0.0,0.0
305,Joel,Matip,11,0.0,0.0,0.0,0.0,0.0,0.0,0.0
306,Nathaniel,Phillips,11,0.0,0.0,0.0,0.0,0.0,0.0,0.0
307,Andrew,Robertson,11,0.0,0.0,0.0,0.0,0.0,0.006666666666666667,0.0
308,Mohamed,Salah,11,9.333333333333334,1.6,2.55,4.05,4.14,5.273333333333333,4.8
309,Dominik,Szoboszlai,11,0.0,0.0,0.0,0.0,0.0,0.0,0.0
310,Thiago,Alcántara do Nascimento,11,0.0,0.0,0.0,0.0,0.0,0.0,0.0
311,Konstantinos,Tsimikas,11,0.0,0.0,0.0,0.0,0.0,0.0,0.0
312,Sepp,van den Berg,11,0.0,0.0,0.0,0.0,0.0,0.0,0.0
313,Virgil,van Dijk,11,0.0,0.0,0.0,0.0,0.0,0.006666666666666667,0.012
626,Jarell,Quansah,11,0.0,0.0,0.0,0.0,0.0,0.0,0.0
627,Bobby,Clark,11,0.0,0.0,0.0,0.0,0.0,0.0,0.0
628,Ben,Doak,11,0.0,0.0,0.0,0.0,0.0,0.0,0.0
629,James,McConnell,11,0.0,0.0,0.0,0.0,0.0,0.0,0.0
668,Wataru,Endo,11,0.0,0.0,0.0,0.0,0.0,0.0,0.0
708,Ryan,Gravenberch,11,0.0,0.0,0.0,0.0,0.0,0.0,0.0
726,Luke,Chambers,11,0.0,0.0,0.0,0.0,0.0,0.0,0.0
728,Callum,Scanlon,11,0.0,0.0,0.0,0.0,0.0,0.0,0.0
743,Treymaurice,Nyoni,11,0.0,0.0,0.0,0.0,0.0,0.0,0.0
756,Marcelo,de Araújo Pitaluga Filho,11,0.0,0.0,0.0,0.0,0.0,0.0,0.0
757,Conor,Bradley,11,0.0,0.0,0.0,0.0,0.0,0.0,0.0
782,Owen,Beck,11,0.0,0.0,0.0,0.0,0.0,0.0,0.0
783,Kaide,Gordon,11,0.0,0.0,0.0,0.0,0.0,0.0,0.0
812,Lewis,Koumas,11,0.0,0.0,0.0,0.0,0.0,0.0,0.0
813,Fabian,Mrozek,11,0.0,0.0,0.0,0.0,0.0,0.0,0.0
824,Jayden,Danns,11,0.0,0.0,0.0,0.0,0.0,0.0,0.0
837,Amara,Nallo,11,0.0,0.0,0.0,0.0,0.0,0.0,0.0
21,Albert,Sambi Lokonga,12,0.0,0.0,0.0,0.0,0.0,0.0,0.0
52,Marvelous,Nakamba,12,0.0,0.0,0.0,0.0,0.0,0.0,0.0
314,Elijah,Adebayo,12,0.0,0.0,0.0,0.0,0.0,0.006666666666666667,0.008
315,Mads Juel,Andersen,12,0.0,0.0,0.0,0.0,0.0,0.0,0.0
316,Amari'i,Bell,12,0.0,0.0,0.0,0.0,0.0,0.0,0.0
317,Luke,Berry,12,0.0,0.0,0.0,0.0,0.0,0.0,0.0
318,Reece,Burke,12,0.0,0.0,0.0,0.0,0.0,0.0,0.0
319,Allan,Campbell,12,0.0,0.0,0.0,0.0,0.0,0.0,0.0
320,Jordan,Clark,12,0.0,0.0,0.0,0.0,0.0,0.0,0.0
321,Alfie,Doughty,12,0.0,0.0,0.0,0.0,0.0,0.0,0.0
322,Luke,Freeman,12,0.0,0.0,0.0,0.0,0.0,0.0,0.0
323,Matt,Macey,12,0.0,0.0,0.0,0.0,0.0,0.0,0.0
324,John,McAtee,12,0.0,0.0,0.0,0.0,0.0,0.0,0.0
325,Carlos,Mendes Gomes,12,0.0,0.0,0.0,0.0,0.0,0.0,0.0
326,Carlton,Morris,12,0.0,0.0,0.0,0.0,0.02,0.0,0.004
327,Admiral,Muskwe,12,0.0,0.0,0.0,0.0,0.0,0.0,0.0
328,Chiedozie,Ogbene,12,0.0,0.0,0.0,0.0,0.0,0.0,0.0
329,Fred,Onyedinma,12,0.0,0.0,0.0,0.0,0.0,0.0,0.0
330,Gabriel,Osho,12,0.0,0.0,0.0,0.0,0.0,0.0,0.0
331,Aribim,Pepple,12,0.0,0.0,0.0,0.0,0.0,0.0,0.0
332,Dion,Pereira,12,0.0,0.0,0.0,0.0,0.0,0.0,0.0
333,Dan,Potts,12,0.0,0.0,0.0,0.0,0.0,0.0,0.0
334,Glen,Rea,12,0.0,0.0,0.0,0.0,0.0,0.0,0.0
335,James,Shea,12,0.0,0.0,0.0,0.0,0.0,0.0,0.0
336,Joe,Taylor,12,0.0,0.0,0.0,0.0,0.0,0.0,0.0
337,Elliot,Thorpe,12,0.0,0.0,0.0,0.0,0.0,0.0,0.0
338,Jack,Walton,12,0.0,0.0,0.0,0.0,0.0,0.0,0.0
339,Louie,Watson,12,0.0,0.0,0.0,0.0,0.0,0.0,0.0
340,Cauley,Woodrow,12,0.0,0.0,0.0,0.0,0.0,0.0,0.0
393,Teden,Mengi,12,0.0,0.0,0.0,0.0,0.0,0.0,0.0
553,Ryan,Giles,12,0.0,0.0,0.0,0.0,0.0,0.0,0.0
575,Tom,Lockyer,12,0.0,0.0,0.0,0.0,0.0,0.0,0.0
582,Pelly Ruddock,Mpanzu,12,0.0,0.0,0.0,0.0,0.0,0.0,0.0
586,Tahith,Chong,12,0.0,0.0,0.0,0.0,0.0,0.0,0.0
602,Issa,Kaboré,12,0.0,0.0,0.0,0.0,0.0,0.0,0.0
614,Thomas,Kaminski,12,0.0,0.0,0.0,0.0,0.0,0.0,0.0
630,Ross,Barkley,12,0.0,0.0,0.0,0.0,0.0,0.0,0.0
631,Jacob,Brown,12,0.0,0.0,0.0,0.0,0.0,0.0,0.0
648,Aidan,Francis-Clarke,12,0.0,0.0,0.0,0.0,0.0,0.0,0.0
665,Tim,Krul,12,0.0,0.0,0.0,0.0,0.0,0.0,0.0
682,Joseph,Johnson,12,0.0,0.0,0.0,0.0,0.0,0.0,0.0
727,Andros,Townsend,12,0.0,0.0,0.0,0.0,0.0,0.0,0.0
729,Jayden,Luker,12,0.0,0.0,0.0,0.0,0.0,0.0,0.0
734,Zack,Nelson,12,0.0,0.0,0.0,0.0,0.0,0.0,0.0
798,Daiki,Hashioka,12,0.0,0.0,0.0,0.0,0.0,0.0,0.0
831,Axel,Piesold,12,0.0,0.0,0.0,0.0,0.0,0.0,0.0
839,Dominic,Dos Santos Martins,12,0.0,0.0,0.0,0.0,0.0,0.0,0.0
844,Christian,Chigozie,12,0.0,0.0,0.0,0.0,0.0,0.0,0.0
848,Taylan,Harris,12,0.0,0.0,0.0,0.0,0.0,0.0,0.0
341,Manuel,Akanji,13,0.0,0.0,0.0,0.0,0.0,0.0,0.0
342,Nathan,Aké,13,0.0,0.0,0.0,0.0,0.0,0.0,0.0
343,Julián,Álvarez,13,0.0,0.0,0.0,0.0,0.0,0.0,0.0
344,Bernardo,Veiga de Carvalho e Silva,13,0.0,0.0,0.0,0.0,0.0,0.0,0.004
345,Oscar,Bobb,13,0.0,0.0,0.0,0.0,0.0,0.0,0.0
346,João,Cancelo,13,0.0,0.0,0.0,0.0,0.0,0.0,0.0
347,Scott,Carson,13,0.0,0.0,0.0,0.0,0.0,0.0,0.0
348,Shea,Charles,13,0.0,0.0,0.0,0.0,0.0,0.0,0.0
349,Kevin,De Bruyne,13,0.0,0.6,0.1,0.1,0.4,0.6066666666666667,0.736
350,Rúben,Gato Alves Dias,13,0.0,0.0,0.0,0.0,0.0,0.0,0.0
352,Ederson,Santana de Moraes,13,0.0,0.0,0.0,0.0,0.0,0.0,0.0
353,Phil,Foden,13,0.0,0.4,1.25,1.575,2.8000000000000003,3.026666666666667,4.14
354,Jack,Grealish,13,0.0,0.0,0.0,0.0,0.0,0.0,0.0
355,Erling,Haaland,13,84.0,91.4,89.35,84.325,77.48,70.94,63.75999999999999
356,Mateo,Kovačić,13,0.0,0.0,0.0,0.0,0.0,0.0,0.0
357,Aymeric,Laporte,13,0.0,0.0,0.0,0.0,0.0,0.0,0.0
358,Rico,Lewis,13,0.0,0.0,0.0,0.0,0.0,0.0,0.0
359,Riyad,Mahrez,13,0.0,0.0,0.0,0.0,0.0,0.0,0.0
361,Stefan,Ortega Moreno,13,0.0,0.0,0.0,0.0,0.0,0.006666666666666667,0.0
363,Máximo,Perrone,13,0.0,0.0,0.0,0.0,0.0,0.0,0.0
365,Rodrigo,Hernandez,13,0.0,0.0,0.0,0.0,0.0,0.006666666666666667,0.016
366,Sergio,Gómez,13,0.0,0.0,0.0,0.0,0.0,0.0,0.0
367,Zack,Steffen,13,0.0,0.0,0.0,0.0,0.0,0.0,0.0
368,John,Stones,13,0.0,0.0,0.0,0.0,0.0,0.0,0.0
369,Kyle,Walker,13,0.0,0.0,0.0,0.0,0.0,0.0,0.004
566,Matheus Luiz,Nunes,13,0.0,0.0,0.0,0.0,0.0,0.0,0.0
616,Joško,Gvardiol,13,0.0,0.0,0.1,0.15,0.13999999999999999,0.26666666666666666,0.332
678,Jérémy,Doku,13,0.0,0.0,0.0,0.0,0.0,0.013333333333333334,0.0
762,Mahamadou,Susoho,13,0.0,0.0,0.0,0.0,0.0,0.0,0.0
771,Micah,Hamilton,13,0.0,0.0,0.0,0.0,0.0,0.0,0.0
814,Jacob,Wright,13,0.0,0.0,0.0,0.0,0.0,0.0,0.0
209,Mason,Mount,14,0.0,0.0,0.0,0.0,0.0,0.0,0.0
370,Alex,Telles,14,0.0,0.0,0.0,0.0,0.0,0.0,0.0
371,Amad,Diallo,14,0.0,0.0,0.0,0.0,0.0,0.02,0.004
372,Antony Matheus,dos Santos,14,0.0,0.0,0.0,0.0,0.0,0.0,0.0
373,Bruno,Borges Fernandes,14,0.0,0.0,0.0,0.025,0.04,0.12666666666666665,0.06
374,Brandon,Williams,14,0.0,0.0,0.0,0.0,0.0,0.0,0.0
375,Eric,Bailly,14,0.0,0.0,0.0,0.0,0.0,0.0,0.0
376,Carlos Henrique,Casimiro,14,0.0,0.0,0.0,0.0,0.0,0.0,0.0
377,Diogo,Dalot Teixeira,14,0.0,0.0,0.0,0.0,0.0,0.0,0.0
379,Christian,Eriksen,14,0.0,0.0,0.0,0.0,0.0,0.0,0.0
380,Álvaro,Fernández Carreras,14,0.0,0.0,0.0,0.0,0.0,0.0,0.0
381,Frederico,Rodrigues de Paula Santos,14,0.0,0.0,0.0,0.0,0.0,0.0,0.0
382,Alejandro,Garnacho,14,0.0,0.0,0.0,0.0,0.0,0.006666666666666667,0.016
383,Hannibal,Mejbri,14,0.0,0.0,0.0,0.0,0.0,0.0,0.0
384,Tom,Heaton,14,0.0,0.0,0.0,0.0,0.0,0.0,0.0
386,Victor,Lindelöf,14,0.0,0.0,0.0,0.0,0.0,0.0,0.0
387,Harry,Maguire,14,0.0,0.0,0.0,0.0,0.0,0.0,0.0
388,Kobbie,Mainoo,14,0.0,0.0,0.0,0.0,0.0,0.0,0.0
389,Tyrell,Malacia,14,0.0,0.0,0.0,0.0,0.0,0.0,0.0
390,Anthony,Martial,14,0.0,0.0,0.0,0.0,0.0,0.0,0.0
391,Lisandro,Martínez,14,0.0,0.0,0.0,0.0,0.0,0.0,0.0
392,Scott,McTominay,14,0.0,0.0,0.0,0.0,0.0,0.0,0.0
394,Facundo,Pellistri Rebollo,14,0.0,0.0,0.0,0.0,0.0,0.0,0.0
395,Raphaël,Varane,14,0.0,0.0,0.0,0.0,0.0,0.0,0.0
396,Marcus,Rashford,14,0.0,0.0,0.0,0.0,0.0,0.0,0.004
397,Jadon,Sancho,14,0.0,0.0,0.0,0.0,0.0,0.0,0.0
398,Luke,Shaw,14,0.0,0.0,0.0,0.0,0.0,0.0,0.0
399,Shola,Shoretire,14,0.0,0.0,0.0,0.0,0.0,0.0,0.0
400,Donny,van de Beek,14,0.0,0.0,0.0,0.0,0.0,0.0,0.0
401,Aaron,Wan-Bissaka,14,0.0,0.0,0.0,0.0,0.0,0.0,0.0
597,André,Onana,14,0.0,0.0,0.0,0.0,0.0,0.006666666666666667,0.0
617,Rasmus,Højlund,14,0.0,0.0,0.0,0.0,0.0,0.013333333333333334,0.008
632,Omari,Forson,14,0.0,0.0,0.0,0.0,0.0,0.0,0.0
669,Radek,Vítek,14,0.0,0.0,0.0,0.0,0.0,0.0,0.0
685,Daniel,Gore,14,0.0,0.0,0.0,0.0,0.0,0.0,0.0
695,Altay,Bayindir,14,0.0,0.0,0.0,0.0,0.0,0.0,0.0
703,Jonny,Evans,14,0.0,0.0,0.0,0.0,0.0,0.0,0.004
709,Sofyan,Amrabat,14,0.0,0.0,0.0,0.0,0.0,0.0,0.0
748,Joe,Hugill,14,0.0,0.0,0.0,0.0,0.0,0.0,0.0
766,Willy,Kambwala,14,0.0,0.0,0.0,0.0,0.0,0.0,0.0
768,Rhys,Bennett,14,0.0,0.0,0.0,0.0,0.0,0.0,0.0
826,Toby,Collyer,14,0.0,0.0,0.0,0.0,0.0,0.0,0.0
833,Habeeb,Ogunneye,14,0.0,0.0,0.0,0.0,0.0,0.0,0.0
835,Dermot,Mee,14,0.0,0.0,0.0,0.0,0.0,0.0,0.0
846,Harry,Amass,14,0.0,0.0,0.0,0.0,0.0,0.0,0.0
850,Ethan,Wheatley,14,0.0,0.0,0.0,0.0,0.0,0.0,0.0
856,Louis,Jackson,14,0.0,0.0,0.0,0.0,0.0,0.0,0.0
204,Lewis,Hall,15,0.0,0.0,0.0,0.0,0.0,0.0,0.0
402,Miguel,Almirón Rejala,15,0.0,0.0,0.0,0.0,0.0,0.0,0.0
403,Elliot,Anderson,15,0.0,0.0,0.0,0.0,0.0,0.0,0.0
404,Harrison,Ashby,15,0.0,0.0,0.0,0.0,0.0,0.0,0.0
405,Sven,Botman,15,0.0,0.0,0.0,0.0,0.0,0.0,0.0
406,Bruno,Guimarães Rodriguez Moura,15,0.0,0.0,0.0,0.0,0.0,0.0,0.004
407,Dan,Burn,15,0.0,0.0,0.0,0.0,0.0,0.0,0.012
408,Karl,Darlow,15,0.0,0.0,0.0,0.0,0.0,0.0,0.0
409,Martin,Dubravka,15,0.0,0.0,0.0,0.0,0.0,0.0,0.0
410,Ryan,Fraser,15,0.0,0.0,0.0,0.0,0.0,0.0,0.0
411,Mark,Gillespie,15,0.0,0.0,0.0,0.0,0.0,0.0,0.0
412,Anthony,Gordon,15,0.0,0.0,0.0,0.0,0.0,0.0,0.0
413,Isaac,Hayden,15,0.0,0.0,0.0,0.0,0.0,0.0,0.0
414,Jeff,Hendrick,15,0.0,0.0,0.0,0.0,0.0,0.0,0.0
415,Alexander,Isak,15,0.0,0.0,0.0,0.2,0.18,0.44,0.8840000000000001
416,Joelinton Cássio,Apolinário de Lira,15,0.0,0.0,0.0,0.0,0.0,0.0,0.0
417,Emil,Krafth,15,0.0,0.0,0.0,0.0,0.0,0.0,0.0
418,Garang,Kuol,15,0.0,0.0,0.0,0.0,0.0,0.0,0.0
419,Jamaal,Lascelles,15,0.0,0.0,0.0,0.0,0.0,0.0,0.0
420,Jamal,Lewis,15,0.0,0.0,0.0,0.0,0.0,0.0,0.0
421,Sean,Longstaff,15,0.0,0.0,0.0,0.0,0.0,0.0,0.0
422,Javier,Manquillo Gaitán,15,0.0,0.0,0.0,0.0,0.0,0.0,0.0
423,Jacob,Murphy,15,0.0,0.0,0.0,0.0,0.0,0.0,0.0
424,Nick,Pope,15,0.0,0.0,0.0,0.0,0.0,0.0,0.0
425,Matt,Ritchie,15,0.0,0.0,0.0,0.0,0.0,0.0,0.0
426,Allan,Saint-Maximin,15,0.0,0.0,0.0,0.0,0.0,0.0,0.0
427,Fabian,Schär,15,0.0,0.0,0.0,0.0,0.0,0.0,0.0
428,Matt,Targett,15,0.0,0.0,0.0,0.0,0.0,0.0,0.0
429,Sandro,Tonali,15,0.0,0.0,0.0,0.0,0.0,0.0,0.0
430,Kieran,Trippier,15,0.0,0.0,0.0,0.0,0.0,0.0,0.004
431,Kell,Watts,15,0.0,0.0,0.0,0.0,0.0,0.0,0.0
432,Joe,Willock,15,0.0,0.0,0.0,0.0,0.0,0.0,0.0
433,Callum,Wilson,15,0.0,0.0,0.05,0.0,0.0,0.0,0.008
580,Loris,Karius,15,0.0,0.0,0.0,0.0,0.0,0.0,0.0
581,Paul,Dummett,15,0.0,0.0,0.0,0.0,0.0,0.0,0.0
603,Harvey,Barnes,15,0.0,0.0,0.0,0.0,0.0,0.0,0.0
633,Tino,Livramento,15,0.0,0.0,0.0,0.0,0.0,0.0,0.0
634,Alex,Murphy,15,0.0,0.0,0.0,0.0,0.0,0.0,0.0
635,Lewis,Miley,15,0.0,0.0,0.0,0.0,0.0,0.0,0.0
738,Amadou,Diallo,15,0.0,0.0,0.0,0.0,0.0,0.0,0.0
739,Ben,Parkinson,15,0.0,0.0,0.0,0.0,0.0,0.0,0.0
745,Michael,Ndiweni,15,0.0,0.0,0.0,0.0,0.0,0.0,0.0
794,Joe,White,15,0.0,0.0,0.0,0.0,0.0,0.0,0.0
795,Travis,Hernes,15,0.0,0.0,0.0,0.0,0.0,0.0,0.0
23,Nuno,Varela Tavares,16,0.0,0.0,0.0,0.0,0.0,0.0,0.0
28,Matt,Turner,16,0.0,0.0,0.0,0.0,0.0,0.0,0.0
205,Callum,Hudson-Odoi,16,0.0,0.0,0.0,0.0,0.0,0.02666666666666667,0.027999999999999997
378,Anthony,Elanga,16,0.0,0.0,0.0,0.0,0.0,0.0,0.0
434,Brandon,Aguilera Zamora,16,0.0,0.0,0.0,0.0,0.0,0.0,0.0
435,Harry,Arter,16,0.0,0.0,0.0,0.0,0.0,0.0,0.0
436,Serge,Aurier,16,0.0,0.0,0.0,0.0,0.0,0.0,0.0
437,Taiwo,Awoniyi,16,0.0,0.0,0.0,0.0,0.0,0.0,0.0
438,Giulian,Biancone,16,0.0,0.0,0.0,0.0,0.0,0.0,0.0
439,Willy,Boly,16,0.0,0.0,0.0,0.0,0.0,0.0,0.004
440,Josh,Bowler,16,0.0,0.0,0.0,0.0,0.0,0.0,0.0
441,Steve,Cook,16,0.0,0.0,0.0,0.0,0.0,0.0,0.0
442,Danilo,dos Santos de Oliveira,16,0.0,0.0,0.0,0.0,0.0,0.0,0.0
443,Emmanuel,Dennis,16,0.0,0.0,0.0,0.0,0.0,0.0,0.0
444,Mohamed,Dräger,16,0.0,0.0,0.0,0.0,0.0,0.0,0.0
445,Felipe Augusto,de Almeida Monteiro,16,0.0,0.0,0.0,0.0,0.0,0.0,0.0
446,Remo,Freuler,16,0.0,0.0,0.0,0.0,0.0,0.0,0.0
447,Morgan,Gibbs-White,16,0.0,0.0,0.0,0.0,0.02,0.02666666666666667,0.044000000000000004
448,Wayne,Hennessey,16,0.0,0.0,0.0,0.0,0.0,0.0,0.0
449,Ethan,Horvath,16,0.0,0.0,0.0,0.0,0.0,0.0,0.0
451,Cheikhou,Kouyaté,16,0.0,0.0,0.0,0.0,0.0,0.0,0.0
452,Richie,Laryea,16,0.0,0.0,0.0,0.0,0.0,0.0,0.0
453,Orel,Mangala,16,0.0,0.0,0.0,0.0,0.0,0.0,0.0
454,Loïc,Mbe Soh,16,0.0,0.0,0.0,0.0,0.0,0.0,0.0
455,Scott,McKenna,16,0.0,0.0,0.0,0.0,0.0,0.0,0.0
456,Alex,Mighten,16,0.0,0.0,0.0,0.0,0.0,0.0,0.0
457,Moussa,Niakhaté,16,0.0,0.0,0.0,0.0,0.0,0.0,0.0
458,Lewis,O'Brien,16,0.0,0.0,0.0,0.0,0.0,0.0,0.0
459,Braian,Ojeda Rodríguez,16,0.0,0.0,0.0,0.0,0.0,0.0,0.0
460,Jonathan,Panzo,16,0.0,0.0,0.0,0.0,0.0,0.0,0.0
461,Omar,Richards,16,0.0,0.0,0.0,0.0,0.0,0.0,0.0
462,Gustavo Henrique,Furtado Scarpa,16,0.0,0.0,0.0,0.0,0.0,0.0,0.0
463,Jonjo,Shelvey,16,0.0,0.0,0.0,0.0,0.0,0.0,0.0
464,Sam,Surridge,16,0.0,0.0,0.0,0.0,0.0,0.0,0.0
465,Harry,Toffolo,16,0.0,0.0,0.0,0.0,0.0,0.0,0.0
466,Hwang,Ui-jo,16,0.0,0.0,0.0,0.0,0.0,0.0,0.0
467,Neco,Williams,16,0.0,0.0,0.0,0.0,0.0,0.0,0.0
468,Chris,Wood,16,0.0,0.0,0.0,0.05,0.04,0.03333333333333333,0.016
469,Joe,Worrall,16,0.0,0.0,0.0,0.0,0.0,0.0,0.0
470,Ryan,Yates,16,0.0,0.0,0.0,0.0,0.0,0.0,0.0
604,Olu,Aina,16,0.0,0.0,0.0,0.0,0.0,0.0,0.0
636,George,Shelvey,16,0.0,0.0,0.0,0.0,0.0,0.0,0.0
637,Josh,Powell,16,0.0,0.0,0.0,0.0,0.0,0.0,0.0
679,Gonzalo,Montiel,16,0.0,0.0,0.0,0.0,0.0,0.0,0.0
696,Murillo,Santiago Costa dos Santos,16,0.0,0.0,0.0,0.0,0.0,0.0,0.0
710,Odysseas,Vlachodimos,16,0.0,0.0,0.0,0.0,0.0,0.0,0.0
711,Andrew,Omobamidele,16,0.0,0.0,0.0,0.0,0.0,0.0,0.0
712,Nicolás,Domínguez,16,0.0,0.0,0.0,0.0,0.0,0.0,0.0
713,Ibrahim,Sangaré,16,0.0,0.0,0.0,0.0,0.0,0.0,0.0
714,Divock,Origi,16,0.0,0.0,0.0,0.0,0.0,0.0,0.0
779,Jamie,McDonnell,16,0.0,0.0,0.0,0.0,0.0,0.0,0.0
780,Detlef Esapa,Osong,16,0.0,0.0,0.0,0.0,0.0,0.0,0.0
781,Joe,Gardner,16,0.0,0.0,0.0,0.0,0.0,0.0,0.0
801,Giovanni,Reyna,16,0.0,0.0,0.0,0.0,0.0,0.0,0.0
808,Matz,Sels,16,0.0,0.0,0.0,0.0,0.0,0.0,0.0
809,Rodrigo,Duarte Ribeiro,16,0.0,0.0,0.0,0.0,0.0,0.0,0.0
27,Auston,Trusty,17,0.0,0.0,0.0,0.0,0.0,0.0,0.0
33,Cameron,Archer,17,0.0,0.0,0.0,0.0,0.0,0.0,0.0
255,Mason,Holgate,17,0.0,0.0,0.0,0.0,0.0,0.0,0.0
360,James,McAtee,17,0.0,0.0,0.0,0.0,0.0,0.0,0.0
471,Anel,Ahmedhodžić,17,0.0,0.0,0.0,0.0,0.0,0.0,0.0
472,Jordan,Amissah,17,0.0,0.0,0.0,0.0,0.0,0.0,0.0
473,George,Baldock,17,0.0,0.0,0.0,0.0,0.0,0.0,0.0
474,Chris,Basham,17,0.0,0.0,0.0,0.0,0.0,0.0,0.0
476,Jayden,Bogle,17,0.0,0.0,0.0,0.0,0.0,0.0,0.0
477,Rhian,Brewster,17,0.0,0.0,0.0,0.0,0.0,0.0,0.0
478,Ismaila,Coulibaly,17,0.0,0.0,0.0,0.0,0.0,0.0,0.0
479,Adam,Davies,17,0.0,0.0,0.0,0.0,0.0,0.0,0.0
480,John,Egan,17,0.0,0.0,0.0,0.0,0.0,0.0,0.0
481,John,Fleck,17,0.0,0.0,0.0,0.0,0.0,0.0,0.0
482,Wes,Foderingham,17,0.0,0.0,0.0,0.0,0.0,0.0,0.0
483,Daniel,Jebbison,17,0.0,0.0,0.0,0.0,0.0,0.0,0.0
484,Max,Lowe,17,0.0,0.0,0.0,0.0,0.0,0.0,0.0
485,Oliver,McBurnie,17,0.0,0.0,0.0,0.0,0.0,0.0,0.0
486,Iliman,Ndiaye,17,0.0,0.0,0.0,0.0,0.0,0.0,0.0
487,Rhys,Norrington-Davies,17,0.0,0.0,0.0,0.0,0.0,0.0,0.0
488,Oliver,Norwood,17,0.0,0.0,0.0,0.0,0.0,0.0,0.0
489,Ben,Osborn,17,0.0,0.0,0.0,0.0,0.0,0.0,0.0
490,William,Osula,17,0.0,0.0,0.0,0.0,0.0,0.0,0.0
576,Jack,Robinson,17,0.0,0.0,0.0,0.0,0.0,0.0,0.0
587,Anis,Slimane,17,0.0,0.0,0.0,0.0,0.0,0.0,0.0
592,Yasser,Larouci,17,0.0,0.0,0.0,0.0,0.0,0.0,0.0
593,Bénie,Traoré,17,0.0,0.0,0.0,0.0,0.0,0.0,0.0
638,Vini,de Souza Costa,17,0.0,0.0,0.0,0.0,0.0,0.0,0.0
653,Femi,Seriki,17,0.0,0.0,0.0,0.0,0.0,0.0,0.0
654,Louie,Marsh,17,0.0,0.0,0.0,0.0,0.0,0.0,0.0
655,Andre,Brooks,17,0.0,0.0,0.0,0.0,0.0,0.0,0.0
656,Antwoine,Hackford,17,0.0,0.0,0.0,0.0,0.0,0.0,0.0
663,Gustavo,Hamer,17,0.0,0.0,0.0,0.0,0.0,0.0,0.0
666,Tom,Davies,17,0.0,0.0,0.0,0.0,0.0,0.0,0.0
693,Luke,Thomas,17,0.0,0.0,0.0,0.0,0.0,0.0,0.0
730,Ryan,Oné,17,0.0,0.0,0.0,0.0,0.0,0.0,0.0
731,Jili,Buyabu,17,0.0,0.0,0.0,0.0,0.0,0.0,0.0
759,Sydie,Peck,17,0.0,0.0,0.0,0.0,0.0,0.0,0.0
775,Ben,Brereton,17,0.0,0.0,0.0,0.0,0.0,0.0,0.0
790,Ivo,Grbic,17,0.0,0.0,0.0,0.0,0.0,0.0,0.0
822,Billy,Blacker,17,0.0,0.0,0.0,0.0,0.0,0.0,0.0
823,Oliver,Arblaster,17,0.0,0.0,0.0,0.0,0.0,0.0,0.0
827,Dovydas,Sasnauskas,17,0.0,0.0,0.0,0.0,0.0,0.0,0.0
828,Sam,Curtis,17,0.0,0.0,0.0,0.0,0.0,0.0,0.0
857,Owen,Hampson,17,0.0,0.0,0.0,0.0,0.0,0.0,0.0
450,Brennan,Johnson,18,0.0,0.0,0.05,0.025,0.06,0.02666666666666667,0.07200000000000001
491,Brandon,Austin,18,0.0,0.0,0.0,0.0,0.0,0.0,0.0
492,Rodrigo,Bentancur,18,0.0,0.0,0.0,0.0,0.0,0.0,0.0
493,Yves,Bissouma,18,0.0,0.0,0.0,0.0,0.0,0.0,0.0
494,Bryan,Gil Salvatierra,18,0.0,0.0,0.0,0.0,0.0,0.0,0.0
495,Ben,Davies,18,0.0,0.0,0.0,0.0,0.0,0.0,0.0
496,Eric,Dier,18,0.0,0.0,0.0,0.0,0.0,0.0,0.0
497,Emerson,Leite de Souza Junior,18,0.0,0.0,0.0,0.0,0.0,0.0,0.0
498,Fraser,Forster,18,0.0,0.0,0.0,0.0,0.0,0.0,0.0
499,Pierre-Emile,Højbjerg,18,0.0,0.0,0.0,0.0,0.0,0.0,0.0
500,Harry,Kane,18,0.0,0.0,0.0,0.0,0.0,0.0,0.0
501,Dejan,Kulusevski,18,0.0,0.0,0.0,0.0,0.0,0.0,0.0
502,Hugo,Lloris,18,0.0,0.0,0.0,0.0,0.0,0.0,0.0
503,Giovani,Lo Celso,18,0.0,0.0,0.0,0.0,0.0,0.0,0.0
504,James,Maddison,18,0.0,0.0,0.0,0.0,0.0,0.02,0.024
505,Tanguy,Ndombélé Alvaro,18,0.0,0.0,0.0,0.0,0.0,0.0,0.0
506,Pedro,Porro,18,0.0,0.0,0.0,0.0,0.0,0.03333333333333333,0.07200000000000001
507,Ivan,Perišić,18,0.0,0.0,0.0,0.0,0.0,0.0,0.0
509,Richarlison,de Andrade,18,0.0,0.0,0.0,0.0,0.0,0.0,0.0
510,Joe,Rodon,18,0.0,0.0,0.0,0.0,0.0,0.0,0.0
511,Cristian,Romero,18,0.0,0.0,0.0,0.0,0.0,0.006666666666666667,0.008
512,Davinson,Sánchez,18,0.0,0.0,0.0,0.0,0.0,0.0,0.0
513,Pape Matar,Sarr,18,0.0,0.0,0.0,0.0,0.0,0.0,0.0
514,Ryan,Sessegnon,18,0.0,0.0,0.0,0.0,0.0,0.0,0.0
515,Oliver,Skipp,18,0.0,0.0,0.0,0.0,0.0,0.0,0.0
516,Son,Heung-min,18,2.666666666666667,1.7999999999999998,2.1,2.175,3.62,4.38,5.172000000000001
517,Djed,Spence,18,0.0,0.0,0.0,0.0,0.0,0.0,0.0
518,Japhet,Tanganga,18,0.0,0.0,0.0,0.0,0.0,0.0,0.0
519,Destiny,Udogie,18,0.0,0.0,0.0,0.0,0.0,0.0,0.0
520,Guglielmo,Vicario,18,0.0,0.0,0.0,0.0,0.0,0.0,0.0
521,Alfie,Whiteman,18,0.0,0.0,0.0,0.0,0.0,0.0,0.0
583,Manor,Solomon,18,0.0,0.0,0.0,0.0,0.0,0.0,0.0
639,Micky,van de Ven,18,0.0,0.0,0.0,0.0,0.0,0.0,0.0
640,Dane,Scarlett,18,0.0,0.0,0.0,0.0,0.0,0.0,0.0
641,Alejo,Véliz,18,0.0,0.0,0.0,0.0,0.0,0.0,0.0
702,Ashley,Phillips,18,0.0,0.0,0.0,0.0,0.0,0.0,0.0
722,Jamie,Donley,18,0.0,0.0,0.0,0.0,0.0,0.0,0.0
740,Alfie,Dorrington,18,0.0,0.0,0.0,0.0,0.0,0.0,0.0
754,Yago,de Santiago Alonso,18,0.0,0.0,0.0,0.0,0.0,0.0,0.0
776,Timo,Werner,18,0.0,0.0,0.0,0.0,0.0,0.0,0.0
777,Radu,Dragusin,18,0.0,0.0,0.0,0.0,0.0,0.0,0.0
860,Mikey,Moore,18,0.0,0.0,0.0,0.0,0.0,0.0,0.0
862,Tyrese,Hall,18,0.0,0.0,0.0,0.0,0.0,0.0,0.0
364,Kalvin,Phillips,19,0.0,0.0,0.0,0.0,0.0,0.0,0.0
522,Nayef,Aguerd,19,0.0,0.0,0.0,0.0,0.0,0.0,0.0
523,Michail,Antonio,19,0.0,0.0,0.0,0.0,0.0,0.006666666666666667,0.008
524,Alphonse,Areola,19,0.0,0.0,0.0,0.0,0.0,0.0,0.008
525,Saïd,Benrahma,19,0.0,0.0,0.0,0.0,0.0,0.0,0.0
526,Jarrod,Bowen,19,0.0,0.0,0.0,0.0,0.0,0.0,0.0
527,Maxwel,Cornet,19,0.0,0.0,0.0,0.0,0.0,0.0,0.0
528,Vladimír,Coufal,19,0.0,0.0,0.0,0.0,0.0,0.0,0.0
529,Conor,Coventry,19,0.0,0.0,0.0,0.0,0.0,0.0,0.0
530,Aaron,Cresswell,19,0.0,0.0,0.0,0.0,0.0,0.0,0.0
531,Flynn,Downes,19,0.0,0.0,0.0,0.0,0.0,0.0,0.0
532,Emerson,Palmieri dos Santos,19,0.0,0.0,0.0,0.0,0.0,0.0,0.0
533,Lukasz,Fabianski,19,0.0,0.0,0.0,0.0,0.0,0.0,0.0
534,Pablo,Fornals Malla,19,0.0,0.0,0.0,0.0,0.0,0.0,0.0
535,Danny,Ings,19,0.0,0.0,0.0,0.0,0.0,0.0,0.0
536,Ben,Johnson,19,0.0,0.0,0.0,0.0,0.0,0.0,0.0
537,Thilo,Kehrer,19,0.0,0.0,0.0,0.0,0.0,0.0,0.0
538,Divin,Mubama,19,0.0,0.0,0.0,0.0,0.0,0.0,0.0
539,Lucas,Tolentino Coelho de Lima,19,0.0,0.0,0.0,0.0,0.0,0.0,0.0
541,Gianluca,Scamacca,19,0.0,0.0,0.0,0.0,0.0,0.0,0.0
542,Tomáš,Souček,19,0.0,0.0,0.0,0.0,0.0,0.0,0.004
543,Nikola,Vlašić,19,0.0,0.0,0.0,0.0,0.0,0.0,0.0
544,Kurt,Zouma,19,0.0,0.0,0.0,0.0,0.0,0.0,0.0
577,Angelo,Ogbonna,19,0.0,0.0,0.0,0.0,0.0,0.0,0.0
642,Edson,Álvarez Velázquez,19,0.0,0.0,0.0,0.0,0.0,0.0,0.0
647,Joseph,Anang,19,0.0,0.0,0.0,0.0,0.0,0.0,0.0
664,James,Ward-Prowse,19,0.0,0.0,0.0,0.0,0.0,0.0,0.0
676,Konstantinos,Mavropanos,19,0.0,0.0,0.0,0.0,0.0,0.0,0.0
689,Mohammed,Kudus,19,0.0,0.0,0.0,0.0,0.0,0.006666666666666667,0.02
773,Lewis,Orford,19,0.0,0.0,0.0,0.0,0.0,0.0,0.0
774,Kaelan,Casey,19,0.0,0.0,0.0,0.0,0.0,0.0,0.0
784,Oliver,Scarles,19,0.0,0.0,0.0,0.0,0.0,0.0,0.0
785,Callum,Marshall,19,0.0,0.0,0.0,0.0,0.0,0.0,0.0
829,George,Earthy,19,0.0,0.0,0.0,0.0,0.0,0.0,0.0
351,Tommy,Doyle,20,0.0,0.0,0.0,0.0,0.0,0.0,0.0
545,Rayan,Aït-Nouri,20,0.0,0.0,0.0,0.0,0.0,0.0,0.0
546,Daniel,Bentley,20,0.0,0.0,0.0,0.0,0.0,0.0,0.0
547,Bendegúz,Bolla,20,0.0,0.0,0.0,0.0,0.0,0.0,0.0
548,Hugo,Bueno López,20,0.0,0.0,0.0,0.0,0.0,0.0,0.0
549,Francisco Jorge,Tomás Oliveira,20,0.0,0.0,0.0,0.0,0.0,0.0,0.0
550,Luke,Cundle,20,0.0,0.0,0.0,0.0,0.0,0.0,0.0
551,Craig,Dawson,20,0.0,0.0,0.0,0.0,0.0,0.0,0.0
552,Fábio,Silva,20,0.0,0.0,0.0,0.0,0.0,0.0,0.0
554,Gonçalo Manuel,Ganchinho Guedes,20,0.0,0.0,0.0,0.0,0.0,0.0,0.0
555,Joe,Hodge,20,0.0,0.0,0.0,0.0,0.0,0.0,0.0
556,Ki-Jana,Hoever,20,0.0,0.0,0.0,0.0,0.0,0.0,0.0
557,Hwang,Hee-chan,20,0.0,0.0,0.0,0.0,0.0,0.0,0.0
559,João Victor,Gomes da Silva,20,0.0,0.0,0.0,0.0,0.0,0.0,0.0
560,Jonathan,Castro Otto,20,0.0,0.0,0.0,0.0,0.0,0.0,0.0
561,Bruno,Cavaco Jordão,20,0.0,0.0,0.0,0.0,0.0,0.0,0.0
562,Sasa,Kalajdzic,20,0.0,0.0,0.0,0.0,0.0,0.0,0.0
563,Max,Kilman,20,0.0,0.0,0.0,0.0,0.0,0.0,0.0
564,Tom,King,20,0.0,0.0,0.0,0.0,0.0,0.0,0.0
565,Mario,Lemina,20,0.0,0.0,0.0,0.0,0.0,0.0,0.0
567,Pedro,Lomba Neto,20,0.0,0.0,0.0,0.0,0.0,0.0,0.0
568,Daniel,Castelo Podence,20,0.0,0.0,0.0,0.0,0.0,0.0,0.0
569,José,Malheiro de Sá,20,0.0,0.0,0.0,0.0,0.0,0.0,0.0
570,Pablo,Sarabia,20,0.0,0.0,0.0,0.0,0.0,0.0,0.0
571,Matija,Šarkić,20,0.0,0.0,0.0,0.0,0.0,0.0,0.0
572,Nélson,Cabral Semedo,20,0.0,0.0,0.0,0.0,0.0,0.0,0.0
573,Toti António,Gomes,20,0.0,0.0,0.0,0.0,0.0,0.0,0.0
574,Boubacar,Traoré,20,0.0,0.0,0.0,0.0,0.0,0.0,0.0
590,Matheus,Santos Carneiro Da Cunha,20,0.0,0.0,0.0,0.0,0.0,0.0,0.004
598,Matt,Doherty,20,0.0,0.0,0.0,0.0,0.0,0.0,0.0
697,Santiago,Bueno,20,0.0,0.0,0.0,0.0,0.0,0.0,0.0
698,Enso,González,20,0.0,0.0,0.0,0.0,0.0,0.0,0.0
704,Nathan,Fraser,20,0.0,0.0,0.0,0.0,0.0,0.0,0.0
715,Jean-Ricner,Bellegarde,20,0.0,0.0,0.0,0.0,0.0,0.0,0.0
749,Matthew,Whittingham,20,0.0,0.0,0.0,0.0,0.0,0.0,0.0
750,Tawanda,Chirewa,20,0.0,0.0,0.0,0.0,0.0,0.0,0.0
751,Justin,Hubner,20,0.0,0.0,0.0,0.0,0.0,0.0,0.0
769,Owen,Hesketh,20,0.0,0.0,0.0,0.0,0.0,0.0,0.0
770,Ty,Barnett,20,0.0,0.0,0.0,0.0,0.0,0.0,0.0
787,Harvey,Griffiths,20,0.0,0.0,0.0,0.0,0.0,0.0,0.0
788,Yerson,Mosquera,20,0.0,0.0,0.0,0.0,0.0,0.0,0.0
800,Noha,Lemina,20,0.0,0.0,0.0,0.0,0.0,0.0,0.0
832,Wesley,Okoduwa,20,0.0,0.0,0.0,0.0,0.0,0.0,0.0
836,Leon,Chiwome,20,0.0,0.0,0.0,0.0,0.0,0.0,0.0
840,Fletcher,Holman,20,0.0,0.0,0.0,0.0,0.0,0.0,0.0
853,Temple,Ojinnaka,20,0.0,0.0,0.0,0.0,0.0,0.0,0.0
